Frequency Rank	Italian	English
4	non	no, exclusively, never, no longer, keep one's hands off
5	che	that, than, what time is it?
7	di	from, than, early, behind, actually, their, from there, in the morning, less and less, behind one's back, afresh, once more, all sorts, increasingly, now and then, in the evening, above
10	un	one
12	la	the
13	il	the, All Souls' Day
14	a	at, a, beside, cheap, at home, by accident, on the right, a long time, by heart, by the way, backward, backwards, on the left
15	per	so to speak, for example, fortunately, unfortunately, at least, for the greater part, by, a long time, on that account, unfortunately, by marriage
16	una	one, once
17	in	at home, behind, differently, nowhere, by no means, partially, first, anywhere, beyond, at the right time
23	lo	the
25	cosa	thing, article
26	le	the, excuse me
29	no	not
31	i	the
32	se	if
33	da	a long time, from here
34	come	as if, how are you?
35	si	no doubt
38	sì	yes
41	bene	okay, welcome
42	qui	here
43	sei	six
47	solo	alone, unique
49	mio	my
50	al	monthly
51	tutto	entire, all
53	così	so, so so
58	fatto	fact
59	lei	her
60	fare	achieve, box, strike
61	gli	the
62	essere	sit, avail
73	mai	never
74	alla	at last
76	stato	state
77	anche	also, even if
82	molto	extremely, a lot of, quite
84	grazie	gratitude
86	tuo	your
88	lui	he
90	allora	then
92	niente	not at all
96	suo	his
97	prima	first, breakfast
106	ancora	still, anchor, afresh, once more
108	già	already
110	uno	one
112	casa	house, home
114	su	at
115	due	two, twice
117	vero	true
118	noi	us
119	davvero	absolutely
120	dire	say, say goodbye
122	delle	Antillian
125	ad	loudly, all of a sudden
127	altro	other
128	andare	go
130	sempre	always
133	forse	maybe
136	proprio	own
138	tempo	time, weather
141	certo	certain
142	fuori	abroad
144	vita	life
149	poi	beyond
150	parte	part
154	visto	as
160	Dio	God, god
162	uomo	fellow, Antillian
164	lavoro	job
165	ciao	hello
166	bisogno	need
168	amico	friend
170	dopo	behind, afterwards, beyond
172	padre	father, parents
174	via	street, road
175	posto	seat
182	li	there
184	vedere	see
185	giorno	day
186	qualche	several times
190	modo	manner
191	ogni	daily, all sorts, now and then
193	senza	private
199	cazzo	cock
202	parlare	speak
204	male	badly
206	troppo	too
212	giusto	exactly, sharp
214	tanto	that much
216	nuovo	new
217	successo	achievement
220	madre	mother
225	avere	have, credit, be hungry, correspond
233	grande	big
235	soldi	money
238	tre	three, three times
243	appena	barely
245	gente	people
248	sapere	know
254	dentro	a
255	oggi	today
258	accordo	accord, chord, harmony, accommodation, consent
259	figlio	son, foster‐son
263	idea	idea, notion
267	forza	force, attraction
269	nome	appellation, Christian name
273	caso	accidence
274	problema	problem
277	ragazzo	boy
279	donna	woman
281	faccia	face
284	mondo	world
285	ragazza	girl
287	notte	night
291	aver	need, be afraid of
292	subito	at once
293	stare	dwell, remain, stand
295	testa	head
296	sotto	below
297	stesso	self
298	ragione	reason
299	insieme	together
307	buona	good night
309	avanti	ahead
311	famiglia	family
314	porta	door, back‐door
315	prendere	capture, get, look after, hire
316	moglie	wife
317	morto	dead
319	pronto	finished
326	scusa	apology
328	storia	story
329	bello	beautiful
334	secondo	second
336	macchina	engine, typewriter
337	venire	come
338	paura	fright, fear
341	letto	bed
342	domani	tomorrow, tomorrow evening
343	capo	boss
345	polizia	police
347	persona	person
349	aiuto	aid
352	fratello	brother
354	abbastanza	enough
356	diavolo	devil
359	presto	fast
362	fine	end
365	mano	hand
367	amore	affection
368	città	Cape Town, Mexico City, Vatican City, city
370	piano	even, plain, floor
373	trovare	find
375	bambino	bairn
376	stati	United States of America
379	sera	evening
381	morte	death
382	piacere	please, fun
384	far	boil, confront, stand up to, shave, brew, ache
385	primo	first
386	anno	year, leap‐year
389	vostro	your
396	quasi	almost
403	contro	across from
405	punto	dot
407	finito	completed
408	felice	fortunate
415	strada	road
416	terra	earth
417	indietro	backward
420	migliore	best, better
425	settimana	week
426	figlia	daughter
431	almeno	at least
433	uscire	exit
435	verità	truth, reality
436	scuola	school
437	piccolo	diminutive
440	passato	former, last, past
441	stasera	this evening
447	importante	important
448	sangue	blood
459	possibile	possible
462	numero	amount, numeral
466	cuore	heart
469	auto	car
470	marito	husband
481	film	film
483	entrare	go in
485	dietro	behind, afterwards
486	ieri	yesterday, the day before yesterday, last night
487	pensare	think
492	acqua	water
493	stanza	living‐room, bathroom
494	piccola	girl
495	difficile	difficult
496	serio	earnest
499	sentire	give off an odour, smell of
503	forte	strong, loudly
506	cinque	five
507	vicino	adjacent, neighbour, close
510	dottore	doctor, physician
511	corpo	body
512	amo	hook
513	vecchio	old
516	agente	agent
519	probabilmente	probably
522	poco	gradually
523	quattro	four
524	genere	kind
528	morire	die away, die
529	dare	give
531	verso	about
535	strano	odd
538	ufficio	office, bureau, employment exchange, inquiry‐office, post office
540	capire	understand
541	festa	celebration
547	guerra	war
548	domanda	question, appeal
550	capitano	captain
552	conto	account, bank account
553	prova	proof
559	Traduzione	translation
561	vivere	be alive
567	perdere	lose, break oneself of a habit
569	nuova	New Amsterdam
570	vista	view, sight
572	mezzo	half, average
574	divertente	amusing
579	sopra	above
583	sorella	sister
584	parola	word
591	unico	unique
595	credere	account
597	fortuna	fortune
603	lavorare	work
616	fuoco	fire
619	passare	pass
624	perfetto	perfect
626	esatto	accurate, exact
627	cena	evening meal
630	facile	easy
632	davanti	ahead
633	ultimo	last, hind
634	Buongiorno	good morning, good day
638	cercare	look for
643	uccidere	kill
648	sicurezza	safety
649	attenzione	acuity
651	mettere	lay down
657	genitori	parents, foster‐parents
659	causa	cause
661	pace	peace
663	bere	drink
664	paese	country
668	matrimonio	marriage
672	buono	good
673	libro	book
676	cura	care
678	sesso	sex
680	ospedale	hospital
686	lasciare	leave behind
688	perciò	on that account
693	fra	soon, at once
695	durante	for
697	cavolo	cabbage
699	lungo	long
700	portare	bring, carry
706	arrivare	accomplish, come about
707	piuttosto	preferably, rather
708	aria	air, aria, appearance, climate, expression
709	inizio	beginning
714	aspettare	abide, advert
716	stupido	addled
718	cane	dog
725	dormire	be asleep
734	dieci	ten
736	scelta	choice
740	campo	field
743	prigione	jail
745	luce	light, daylight, rear‐lamp
746	gran	Britain
749	venuta	arrival
752	giovane	young
753	amica	friend
754	bagno	bath
756	onore	honor
762	chiamare	call, summon
765	usare	employ
766	cielo	heaven
769	restare	remain
771	lontano	away, distant
772	messaggio	errand
777	fretta	haste
778	capelli	hair
782	passo	pace
786	circa	about
789	alto	high
790	aspetto	appearance
791	giocare	play
793	provare	attempt, prove
795	incidente	accident
797	gruppo	bevy
799	arrivo	arrival
801	ordine	order, command
803	odio	hate
804	bocca	mouth
806	semplice	simple
811	chiaro	evident
812	sistema	system
813	camera	chamber, bedroom
814	permesso	excuse me
815	allo	at the same time
818	aiutare	abet, accomodate
821	mattina	morning
822	viaggio	journey
823	speciale	particular
825	riguardo	esteem
827	generale	general
828	cibo	food
830	soltanto	exclusively
831	cambiare	change
837	specie	kind
839	intenzione	intention
840	finalmente	at last
841	colpo	blow
846	fondo	fund, background, bottom, deep
850	pazzo	lunatic
851	Natale	Christmas
852	finire	accomodate
854	mese	month
856	chiamata	parade
862	fermo	fixed
863	grado	degree
866	Cristo	Christ
868	carino	affable, beautiful
872	prossimo	close
879	sogno	dream
882	appuntamento	appointment
883	completamente	completely, fully
889	pezzo	bit
890	coraggio	courage
898	controllare	audit
900	porto	harbor
901	zio	uncle
902	segreto	secret
903	incredibile	incredible
906	attento	attentive
908	chiedere	ask
911	caro	dear, expensive, costly
919	servizio	attendance
923	tenere	hang onto
925	lista	list, menu
926	addio	adieu, good‐bye
927	sole	sun
931	potere	power, be able to
932	centro	centre
933	metà	half
934	compagnia	company, gang, circle
937	denaro	money
938	errore	aberration
940	personale	personal
941	pagare	pay
944	risposta	answer
951	consiglio	advice
954	grosso	bold
957	arma	weapon
958	spesso	bold, frequently
959	ritardo	delay
960	aereo	aeroplane
967	rispetto	esteem, respect
968	bastardo	bastard
972	pieno	complete
973	sorpresa	surprise
980	fame	hunger
983	proposito	aim
985	intorno	about
986	incontro	encounter
1000	cervello	brain
1001	rimanere	remain
1007	dolore	ache
1012	mille	thousand
1021	chiuso	closed
1026	medico	doctor
1029	chiave	key, adjustable wrench
1031	interessante	interesting
1034	sette	seven
1035	terribile	abysmal
1036	uscita	exit
1039	diritto	right
1040	impossibile	impossible
1042	linea	line
1044	cliente	buyer, customer
1047	carta	card, paper, blotter, blotter, toilet‐paper
1048	sala	bathroom, dining‐room, waiting‐room
1049	bar	buffet, bar
1057	fronte	forehead
1059	dolce	gentle
1061	nonna	grandmother
1062	poliziotto	policeman
1063	otto	eight
1066	nero	black
1068	appartamento	apartment, abode
1072	compleanno	anniversary, birthday
1075	conosciuto	well‐known
1089	comandante	commander
1095	continuare	continue
1099	negozio	boutique
1100	computer	computer
1101	luogo	place, location, cradle
1111	lettera	letter
1114	buonanotte	good night
1117	relazione	relation
1119	duro	hard
1125	contatto	contact
1126	simile	like
1127	freddo	bleak
1131	spazio	room
1132	birra	ale
1136	pubblico	public
1137	sinistra	left
1144	scoprire	discover
1146	guardia	policeman
1150	oro	gold
1151	regalo	gift
1161	esercito	army
1163	dura	hard
1165	tranquillo	calm
1167	cavallo	horse, horsepower
1175	esempio	example
1177	età	age
1179	certamente	certainly
1181	pericolo	danger
1182	ballo	ball
1183	stamattina	this morning
1193	governo	administration
1201	salvare	keep
1203	affare	affair
1206	America	America, United States of America, North America, South America
1212	infatti	absolutely
1215	attacco	access
1217	comprare	buy
1218	destra	right‐hand side
1219	necessario	necessary
1220	salute	cheers, health
1221	attraverso	through, across
1229	radio	radio
1231	bianco	white
1233	contento	contented
1240	arrivederci	bye
1243	decisione	decision
1245	triste	sad, bleak
1250	canzone	song
1255	aperto	open
1257	cucina	kitchen
1261	data	date
1262	codice	code, postal code
1264	caldo	warm
1265	umano	human
1266	mare	Arabian Sea, sea
1268	livello	level
1273	tavolo	table
1275	direttore	manager, director
1276	maestro	instructor, boss
1281	pelle	fur
1282	visita	visit
1283	scrivere	write, type
1286	nonno	grandfather
1287	pomeriggio	afternoon
1289	chiesa	church
1291	figliolo	son
1293	barca	boat
1297	processo	action, process
1299	leggere	read
1300	lato	side
1303	conoscere	be acquainted with
1304	partire	absent onself
1307	reale	actual
1310	carne	flesh, meat, mutton, veal
1316	cattivo	bad, airy‐fairy
1319	giudice	judge
1325	naturalmente	naturally
1330	inglese	English, Englishman
1331	treno	train, passenger train, fast train
1333	luna	moon
1335	rosso	red
1338	banca	bank
1339	rispondere	answer, answer
1340	vino	wine
1341	gamba	leg, paw
1342	interno	inner
1347	bomba	bomb, atom bomb, incendiary bomb
1352	energia	atomic energy
1353	pericoloso	dangerous
1354	segno	character
1355	sposato	married
1364	nord	north
1370	alta	high tide
1373	intero	entire
1374	ufficiale	official
1378	saltare	jump
1381	comando	command
1388	cominciare	begin
1389	biglietto	bill, return‐ticket
1392	lezione	lesson
1393	pressione	pressure
1398	presente	gift
1401	benvenuto	welcome
1407	responsabile	accountable
1408	comune	common
1409	palla	bullet, ball
1414	danno	damage
1420	aprire	open
1421	passaggio	level‐crossing
1424	finestra	window
1428	mostro	monster
1431	scorso	last
1432	combattere	be at loggerheads, fight
1438	rischio	hazard
1439	unità	unity
1444	lingua	tongue, language
1446	correre	run
1451	inoltre	as for the rest, in addition, furthermore
1453	seguito	adherents
1455	difesa	defence
1471	speranza	hope
1473	imparare	learn, memorize
1474	nove	nine
1476	blu	blue, dark blue
1477	scherzo	gag
1479	zia	aunt
1485	immediatamente	at once
1492	sud	south
1493	ottenere	fetch
1495	indirizzo	address
1496	tè	tea
1497	edificio	building
1498	piangere	cry
1501	collo	neck
1509	naso	nose
1513	sparare	go off
1517	vite	vine, screw
1518	prezzo	price
1523	anello	ring
1524	spirito	spirit
1532	colazione	breakfast, dinner
1538	offerta	offer
1539	fiducia	confidence
1548	terzo	third
1551	arte	art
1554	muro	wall
1557	enorme	enormous, huge
1561	massimo	maximum
1570	povero	miserable, abject
1572	scatola	box
1573	colpevole	guilty
1575	torta	cake
1576	razza	breed
1579	costa	coast
1580	nemico	adversary
1583	scegliere	choose
1584	rumore	ado
1593	ridere	laugh
1598	memoria	keepsake, memory
1599	grave	important
1600	soprattutto	above all, chiefly
1601	stazione	station, spa
1603	orribile	abhorrent, agonizing
1604	albero	tree, mast, poplar, arbor
1609	battaglia	action
1616	pesce	fish, bass
1617	isola	island
1621	ristorante	restaurant
1623	accanto	beside
1627	università	university
1630	ballare	dance
1631	stagione	season
1632	ponte	deck, bridge, bridge
1635	natura	nature, character
1638	colore	colour
1643	progetto	design, project, outline
1645	uso	use
1646	verde	green
1648	ferita	injury
1651	chiudere	close
1656	furgone	van
1663	faccenda	affair
1666	utile	advantageous, of use
1672	campione	sample, champion
1680	proteggere	protect
1682	evitare	avoid
1683	Parigi	Paris
1684	ascoltare	listen
1687	arresto	apprehension
1690	azione	achievement, share, process
1697	basso	low, shallow
1703	compito	job
1705	denti	teeth
1706	bacio	kiss
1709	resti	be kept in
1712	paga	salary
1714	scopo	aim
1715	sveglia	alarm
1716	coltello	knife
1717	Londra	London
1722	fiume	river
1723	angolo	angle
1725	ridicolo	ridiculous
1733	guidare	conduct
1735	mandare	send
1739	buio	bleak
1740	decidere	decide
1745	fermare	halt
1747	vendere	dispose of
1754	stanco	tired
1756	pantaloni	pants
1757	americano	American, US citizen
1761	assistente	assistant, aid
1762	Buonasera	good evening
1765	villaggio	village
1766	opera	work
1768	breve	concise
1769	incontrare	come across
1772	entrata	entrance
1773	matto	crazy
1781	accettare	accept
1783	capace	able, of use
1794	estate	summer
1795	camion	lorry
1798	peso	weight
1800	latte	milk
1803	francese	French, Frenchman
1809	vento	wind
1815	accesso	approach
1816	centrale	central
1820	popolo	folk
1821	particolare	detail
1822	sbaglio	aberration
1825	malato	ill
1826	principale	boss
1827	dimenticare	forget
1828	valore	value
1829	spada	rapier
1835	contratto	contract
1839	angelo	angel
1840	buco	hole
1842	pensiero	thought
1843	debole	faint
1853	continuo	abiding
1856	importanza	concern
1857	sedia	chair
1858	milione	million
1865	cinema	cinema
1866	bottiglia	bottle
1871	camminare	go, march, ride
1889	mercato	market
1891	seguire	follow
1893	dovere	duty, owe
1897	salire	ascend, climb
1900	spiegare	account for, clarify
1901	scendere	dismount, descend
1905	perdita	loss
1909	scusatemi	excuse me
1918	cento	hundred
1920	bellezza	beauty
1922	ubriaco	drunk
1924	stella	star
1926	tetto	roof
1929	campagna	country
1930	nipote	grandchild, granddaughter, grandson, niece, nephew
1933	conoscenza	acquaintance, knowledge
1937	gatto	cat
1941	succedere	come about, succeed
1945	fianco	side
1948	giornale	daily paper, evening paper
1953	ghiaccio	ice
1954	venerdì	Friday
1956	velocità	speed
1958	desiderio	desire
1964	riuscire	succeed
1967	sabato	Saturday
1972	accusa	accusal
1973	occupato	busy
1974	orologio	clock
1976	autobus	bus
1987	viso	face
2000	sposa	bride
2006	pista	road
2014	conversazione	conversation
2024	palazzo	palace
2026	toccare	touch
2037	politica	policy
2040	est	east
2041	calmo	calm
2043	bicchiere	glass, goblet
2047	animale	animal, beast
2051	dito	finger, toe
2053	padrone	boss
2061	spiaggia	beach
2063	doppio	double
2065	direttamente	at once
2066	partito	adherents, faction
2068	girare	turn
2073	sistemare	arrange
2074	esame	investigation
2075	allarme	alarm
2085	Roma	Rome
2087	fidanzata	bride
2089	corrente	current
2090	completo	absolute, entire
2094	dappertutto	all about
2101	sospetto	suspicion
2104	minaccia	menace
2112	pollo	chicken
2113	distanza	distance
2115	vuoto	empty
2116	sindaco	mayor
2119	giardino	garden, zoo
2120	andarsene	absent onself
2124	talento	aptitude
2127	regola	regulation
2134	fuga	flight
2136	volare	fly
2137	doccia	shower
2140	direzione	administration
2145	domattina	tomorrow morning
2148	nazionale	national
2149	rosa	pink
2152	autorità	authority
2157	albergo	hotel
2159	quartiere	back street
2160	domenica	Sunday
2162	suono	sound
2165	immagine	image, imagination
2168	sveglio	adroit
2176	erba	grass
2177	rubare	steal
2178	lupo	wolf
2185	pagina	page
2190	collega	college
2191	carico	burden
2195	fucile	gun
2210	vittoria	triumph, victory
2213	arrestato	arrested person
2222	muoversi	move
2225	fumo	smoke
2233	distruggere	destroy
2237	gas	gas
2241	mal	seasickness, stomach ache
2248	discutere	discuss
2251	cantare	sing
2256	capacità	ability
2260	infermiera	nurse
2263	sposare	marry
2264	interesse	interest
2276	sedere	backside
2281	aeroporto	airport
2284	vendetta	revenge
2290	ricco	affluent
2292	presenza	presence
2298	volontà	will
2307	gola	throat
2308	credito	credit
2312	profondo	deep
2314	premio	premium
2315	protezione	protection
2324	venti	twenty
2326	pesante	difficult
2335	Lì	that way
2341	movimento	movement
2342	suonare	play
2345	cugino	cousin
2347	posta	mail
2353	pugno	fist
2357	superiore	superior
2359	Alice	anchovy
2361	stomaco	stomach
2363	crescere	accrue
2369	tirare	drag
2372	banda	connection
2373	mentire	lie
2374	quarto	fourth, quarter of an hour
2376	po	Po
2381	articolo	article
2385	polvere	dust
2389	contare	count
2390	totale	entire
2399	membro	acolyte, limb
2407	amicizia	friendship
2412	maniera	manner
2415	crisi	crisis
2419	Marina	navy
2421	assurdo	absurd
2429	preparare	prepare, finish
2431	teatro	theatre
2432	falso	false
2437	pane	bread
2440	scrivania	desk
2443	risultato	conclusion
2447	cinese	cinema, Chinaman
2460	gioia	gladness
2462	studiare	study
2465	sorriso	smile
2466	motore	engine
2470	ladro	thief
2472	uccello	bird
2473	rendere	hamper
2483	famoso	famous
2488	ospite	host, guest
2493	costruire	build
2502	pavimento	floor
2506	nascondere	conceal
2512	salto	jump
2517	lago	lake
2521	respirare	breathe
2526	piatto	plate
2528	montagna	mountain
2530	muovere	actuate
2541	maiale	pork
2548	rete	net
2558	comodo	comfortable
2566	perfino	even
2569	affascinante	charming
2579	lunedì	Monday
2585	agenzia	agency
2588	maschio	male
2591	fonte	fountain, font
2596	pensione	boarding house
2600	pioggia	rain
2602	cieco	blind, sightless person
2605	pazienza	patience
2610	occhiali	glasses
2612	promessa	affirmation
2621	Francia	France
2624	dono	gift
2637	tazza	cup
2640	spese	charge
2648	regno	kingdom
2666	neve	snow
2672	onesto	above‐board
2679	secolo	centennial
2683	punta	peak
2687	petto	bosom
2696	ovest	west
2706	permettere	accord
2710	champagne	champagne
2715	togliere	take off
2716	fuggire	abscond, flee
2720	argomento	argument
2721	ginocchio	knee
2724	assegno	check, check
2726	Inghilterra	England
2729	filo	wire, thread
2734	costretto	bedridden
2736	riposo	repose
2738	formaggio	cheese
2742	divertimento	entertainment, amusement
2744	firma	signature
2755	ombra	shadow, shade
2760	debito	debt
2762	cima	summit
2769	sale	salt
2786	sonno	sleep
2789	divorzio	divorce
2792	abilità	ability, expertness
2796	corridoio	corridor
2797	alba	aurora, daybreak
2800	prete	clergyman
2809	volere	be willing to, love
2812	abito	costume, dress, article of clothing
2815	patto	accommodation
2818	assicurazione	insurance
2820	mezzanotte	midnight
2822	furto	abstraction
2826	vergogna	shame
2838	sufficiente	enough
2839	castello	castle
2844	onda	wave
2851	sopportare	endure
2856	materiale	data
2866	dichiarazione	declaration
2867	vantaggio	gain, advantage
2881	preciso	accurate, exact
2886	ascensore	elevator
2887	bugia	lie
2897	mancanza	absence
2908	gusto	taste
2910	esca	bait
2912	firmare	sign
2917	scienza	science
2922	nastro	ribbon
2923	passeggiata	promenade
2927	scala	staircase, ladder
2945	trattato	treaty
2946	vendita	demand
2952	fumare	smoke
2958	probabile	likely
2959	benzina	gasolene
2970	rompere	pick, break
2972	fico	fig‐tree, fig
2985	significato	meaning
2989	Messico	Mexico
2991	amare	love
2994	becco	beak
3000	autista	chauffeur
3004	fabbrica	factory
3021	bestia	animal
3025	spalla	shoulder
3028	coscienza	awareness
3033	Europa	Europa, Europe
3034	diario	diary
3044	confuso	dazed
3047	specchio	looking‐glass
3052	sport	sport
3054	tempesta	storm
3056	fegato	liver
3059	mostrare	indicate, point out
3065	ambiente	environment
3077	fattoria	estate
3079	spiegazione	account
3087	pulire	clean
3093	giudizio	judgment
3097	costume	costume, custom, bathing suit
3099	attore	actor
3102	raccontare	narrate
3105	civile	civil
3112	salvo	apart from, bar
3115	orgoglioso	proud
3118	Là	that way
3121	grasso	fat, grease
3129	coincidenza	connection
3131	concerto	concert
3133	partenza	departure
3135	rifugio	shelter
3140	ricevere	get
3152	russo	Russian
3153	legno	timber
3154	sociale	social
3161	studente	academic
3162	servire	serve, boy, avail
3167	cambiamento	alteration, about‐face
3173	tagliare	cut
3195	divisione	section
3196	deserto	desert
3201	torre	castle
3211	bosco	forest
3212	piacevole	agreeable
3213	giornalista	journalist
3218	brillante	bright
3221	confine	boundary
3223	ferro	iron, iron
3227	oceano	Antarctic Ocean
3229	largo	broad
3233	coda	tail
3236	riso	laugh, rice
3239	legame	bond
3242	delitto	crime
3243	nascita	lineage, birth, origin
3244	fiero	proud
3252	disposto	inclined
3256	equipaggio	crew
3260	sincero	above‐board
3261	straordinario	extraordinary
3263	tedesco	German
3268	consegna	delivery
3269	mutande	drawers
3272	accusato	accused
3277	colpire	hit, catch
3290	crudele	cruel
3291	vetro	glass
3292	dodici	twelve
3302	martedì	Tuesday
3305	documento	document
3319	improvvisamente	all of a sudden
3320	veleno	poison
3325	prigioniero	arrested person
3329	agire	act
3335	guadagnare	earn
3336	punizione	punishment
3339	blocco	block
3343	battere	beat, acclaim
3347	fermata	stop
3351	adatto	able, of use
3356	penna	feather, ballpoint pen, fountain‐pen
3357	cameriera	maid
3359	disco	grammophone disc
3360	olio	oil
3366	ammiraglio	admiral
3370	frase	sentence
3373	giovedì	Thursday
3374	commissario	chief of police, purser
3384	biblioteca	library
3397	primavera	spring
3399	sciocco	addled
3400	figura	figure
3401	orecchio	ear
3404	rovinare	ruin
3405	destro	right, adroit, direct
3416	estremamente	extremely, most
3419	considerato	as
3428	cassa	jug, coffin
3429	prodotto	article, product
3430	valigia	suitcase
3431	miele	honey
3441	febbre	ague
3444	montagne	mountain chain
3445	disponibile	available
3448	nudo	bare
3462	inverno	winter
3467	folla	accumulation
3477	museo	museum
3480	cavo	cable, concave
3485	convincere	convince
3486	stretto	narrow, strait
3489	vasca	bath
3503	Cina	China
3504	ritornare	go back
3513	orso	bear
3523	spagnolo	Spaniard
3525	armadio	cabinet
3530	rivista	periodical, magazine
3534	accadere	come about
3542	italiano	Italian
3544	corretto	correct
3545	tappeto	carpet, lawn
3546	orario	schedule
3553	scimmia	ape
3576	superficie	surface
3577	sabbia	sand
3580	osso	bone, baleen, busk
3595	disposizione	disposition
3598	cintura	belt
3599	attraente	attractive
3601	cammino	road
3604	salutare	greet
3607	corto	short, brief
3610	raccogliere	collect
3622	miseria	misery
3624	ammazzare	kill
3625	saggio	sagacious
3630	serpente	serpent
3642	sinistro	left
3644	Mosca	Moscow, fly
3646	volante	steering‐wheel
3650	esistenza	existence
3655	giapponese	Japanese
3660	bassa	low tide
3667	Eva	Eva
3672	Germania	Germany
3679	cameriere	waiter
3686	conferenza	conference
3700	Bibbia	Bible
3702	argento	silver
3703	attrice	actress
3709	croce	cross
3714	Italia	Italy
3715	distretto	district, neighbourhood
3716	oscuro	dark
3717	busta	envelope
3719	catena	chain
3723	calore	heat
3726	alzare	lever
3729	Africa	Africa
3734	cognome	surname
3740	barba	beard
3745	poesia	poetry
3746	apposta	deliberately
3768	possesso	possession
3769	oscurità	darkness
3780	udienza	audience
3794	annuncio	ad
3801	curioso	agog
3814	fresco	fresh, cool
3823	topo	mouse, rat
3836	coperta	deck, cover, blanket
3840	sconosciuto	unknown
3842	abbandonare	abandon, leave behind
3845	danza	dance
3852	gomma	tyre, tire, rubber
3855	arrestare	arrest
3861	offrire	bid
3862	sete	thirst
3866	fiore	bloom, flour
3879	riprendere	blame
3880	gesto	gesture
3886	schermo	screen
3889	Giappone	Japan
3891	pacco	packet
3893	volentieri	willingly
3895	aggiungere	add
3900	femminile	female
3908	impresa	enterprise
3909	massa	lump
3913	fotografia	photography
3926	sposo	husband, bridegroom
3929	fisico	physical
3931	polso	wrist, pulse
3932	nobile	of noble birth
3934	fantasia	fantasy
3940	grato	thankful
3948	nuotare	float
3950	frutta	fruit
3951	puro	pure, clean
3956	viaggiare	travel
3966	denuncia	accusation
3971	atmosfera	atmosphere, ethos
3975	panino	roll
3992	salsa	gravy
3997	vicolo	alley
4018	cabina	cabin
4019	ringraziare	thank
4022	giudicare	judge
4029	banco	desk, counter
4032	burro	butter
4038	eccetto	apart from, bar
4040	disegno	design
4057	mestiere	handicraft
4059	coperto	covered
4063	quindici	fifteen
4074	mortale	deadly
4085	scherzare	jest
4086	comitato	committee
4091	ricompensa	compensation
4094	attraversare	cross
4098	cortesia	politeness
4099	settembre	September
4101	attaccare	assault
4112	avventura	adventure
4113	confessione	acknowledgement
4125	buca	letterbox
4128	mercoledì	Wednesday
4129	saluto	greeting
4154	scoperta	discovery
4156	trattare	deal with
4164	pregare	pray
4172	elegante	elegant
4179	affetto	affection
4180	Ministero	ministry
4184	monte	mountain
4189	coprire	cover
4190	porco	hog
4196	ruota	wheel
4198	badare	look after
4202	insegnare	acquaint, teach, let know
4206	cravatta	tie
4217	giallo	yellow
4219	sperare	hope
4223	fedele	faithful, loyal
4233	Russia	Russia
4239	chirurgo	surgeon
4244	coniglio	rabbit
4254	cimitero	cemetery
4258	isolato	remote
4268	bambola	doll
4271	noto	well‐known
4290	misura	measure
4294	difendere	defend
4295	accento	accent
4313	perduto	lost
4314	considerazione	esteem
4319	sentirsi	feel
4324	crema	cream
4334	sebbene	though
4336	carattere	character
4353	leone	lion
4362	evidente	evident
4369	insalata	salad
4374	ripetere	repeat
4379	dozzina	dozen
4392	dose	dose
4394	vomitare	throw up
4395	secco	dry
4406	trattamento	treatment
4411	metodo	method
4427	temere	be afraid of
4429	scommettere	bet
4431	sesto	sixth
4437	condotto	barrel
4447	trasporto	transport
4458	curare	attend
4460	dettaglio	detail
4468	rifiuto	refusal
4470	balla	bale
4475	cugina	cousin
4484	bandiera	banner
4485	trenta	thirty
4490	imputato	accused
4496	principio	beginning, principle
4503	infelice	unhappy
4531	migliorare	improve
4532	uovo	egg
4545	piazza	plaza
4554	abitudine	habit
4565	dar	thee and thou
4569	schifoso	dismal
4576	accendere	burn, kindle, illuminate, switch
4588	interrompere	interrupt, stop
4589	parere	appear, appear to be
4591	spinta	push
4597	diversamente	differently
4599	romanzo	novel
4600	comunicare	communicate
4612	batteria	battery
4617	consigliere	counsellor
4618	origine	lineage, origin
4623	notevole	considerable
4630	assistenza	aid
4639	roccia	rock
4643	chitarra	guitar
4647	infezione	infection
4650	cortile	court
4656	passaporto	passport
4663	fascicolo	exercise‐book
4665	mobili	furniture
4672	Spagna	Spain
4682	circo	circus
4698	politico	political
4705	bruciare	burn, burn down
4716	asilo	asylum
4717	liberare	release
4724	impiegato	employee, officer
4725	attuale	current
4729	considerare	account
4734	spegnere	extinguish
4748	drago	dragon
4754	ambasciatore	ambassador
4761	merce	article
4763	spina	thorn, spine
4765	baciare	kiss
4784	appetito	appetite
4791	amministrazione	administration
4796	luglio	July
4798	metallo	metal
4803	ordinare	book
4807	materia	matter
4812	rispettare	esteem, respect
4816	altrove	elsewhere
4821	protetto	protégé
4823	tigre	tiger
4826	antico	ancient, old
4856	stabile	stable
4859	promozione	promotion
4867	Congresso	congress
4869	collina	hill
4871	undici	eleven
4876	sensibile	sensitive
4894	fallimento	bankrupt, bankruptcy
4897	valle	valley
4898	preghiera	appeal, prayer
4912	fango	mud
4914	portatile	portable
4942	profondità	depth
4943	lusso	luxury
4944	visitare	attend
4949	acciaio	steel
4952	capitale	fund
4953	petrolio	paraffin‐oil
4960	scarpa	shoe
4964	album	album
4971	esercizio	exercise
4973	bicicletta	bike
4974	quinto	fifth
4981	riparare	fix, shelter
4985	unione	European Union
5003	recitare	recite
5009	alternativa	alternative
5028	chimica	chemistry
5029	gridare	cry out
5031	parente	relative
5039	ansia	anxiety
5042	moneta	coin
5049	lento	slow
5057	somma	amount
5064	pasta	dough
5070	Berlino	Berlin
5071	impedire	bar
5076	ala	wing
5079	gemelli	twin
5086	impero	empire
5095	circolo	circle
5096	tessuto	baize
5097	India	India
5123	equilibrio	equilibrium
5126	fascino	charm
5133	generazione	generation, offspring
5144	cranio	skull
5152	causare	activate
5153	sentiero	path
5157	patria	fatherland
5158	conclusione	conclusion
5160	tramonto	sunset
5161	indiano	Indian, Indian
5175	cantante	singer
5187	osservazione	notice
5204	galleria	gallery
5207	pianta	sole, plant
5217	pagamento	acquittal, installment payment
5221	giugno	June
5224	mela	apple
5226	truffa	swindle
5240	cesso	toilet
5245	Cesare	Caesar
5260	Accademia	academy
5263	funzione	function, job
5267	Vietnam	Vietnam
5280	medio	average
5284	statua	statue
5285	sega	saw
5290	canna	fishing rod
5291	vacca	cow
5297	pero	pear‐tree
5300	guadagno	accession, profit, advantage
5302	misterioso	abstruse
5320	spingere	push
5323	Bruno	brown
5332	alcool	alcohol, methylated spirit
5339	giuramento	oath
5353	ottobre	October
5369	doloroso	painful
5380	strumento	agent, instrument
5381	spendere	pay out
5384	avviso	ad, warning, notification, advice
5388	leggero	light
5392	acido	acetous
5402	estero	foreign country
5412	lavare	wash
5413	biancheria	bed‐clothes
5414	maggio	May
5417	ricevuta	acknowledgement
5426	eterno	eternal
5447	martello	hammer
5448	barone	baron
5451	verme	worm
5452	sorridere	smile
5454	parete	wall
5455	dieta	diet
5482	cioccolata	chocolate
5487	dentista	dentist
5494	nascere	arise
5496	apparire	appear
5512	evidentemente	apparently
5513	centesimo	cent
5519	molla	spring
5525	cuscino	cushion
5546	liquido	liquid
5554	ago	needle
5566	tristezza	sadness
5568	ambasciata	embassy
5579	volume	volume
5603	conflitto	conflict
5620	scopa	broom
5647	condotta	behavior
5649	rene	kidney
5654	esaminare	examine
5663	confessare	acknowledge
5664	irlandese	Irishman
5669	recentemente	recently
5680	Repubblica	republic
5686	cassetto	drawer
5695	sostenere	lean, assert, abet
5700	vaso	jug, flowerpot
5704	ritirare	abstract
5706	regolare	even
5713	guarire	care for
5725	bagagliaio	luggage‐van
5728	autore	author, writer
5732	sordo	deaf
5733	Afghanistan	Afghanistan
5742	assenza	absence
5753	pulsante	button
5754	fissato	defining
5774	raro	rare
5780	fermarsi	halt
5782	scandalo	offence, commotion
5790	riparo	shelter
5796	ingegnere	engineer
5808	aprile	April
5809	baffi	moustache, whiskers
5812	maestra	teacher
5831	selvaggio	savage
5839	dividere	divide
5840	cacciare	chase
5859	scienziato	scientist
5862	assistere	abet
5882	favola	fairy tale
5888	concludere	abstract, induce, make a contract
5894	premere	press
5896	costoso	dear, costly
5902	autunno	autumn
5911	agosto	August
5914	cinquanta	fifty
5916	foglio	leaf
5944	bistecca	steak
5969	attirare	attract
5971	Satana	Lucifer
5975	formula	formula
6007	nascondersi	hide
6012	certificato	certificate
6017	complimento	compliment
6027	professione	profession
6028	pisciare	urinate
6038	lavanderia	laundry
6048	dipendente	dependent
6083	asso	ace
6089	nebbia	fog
6094	bastare	suffice
6105	elettricità	electricity
6114	multa	fine
6122	goccia	drip
6126	confermare	acknowledge
6128	condurre	conduct
6134	bagnato	wet
6136	comprendere	understand
6137	pallone	balloon
6148	amministratore	manager, director
6156	attivo	active, in action, assets, hardworking
6162	compromesso	accommodation
6163	sedersi	sit down
6168	curva	bend
6169	toro	bull
6178	rifiutare	reject
6179	fissare	attach, gaze
6180	commedia	comedy
6183	osservare	keep, notice
6196	novembre	November
6208	elemento	element
6219	contenuto	contents
6222	concorso	competition
6242	pescare	fish
6246	arco	arc
6250	commettere	achieve
6260	annullare	abjure, cancel
6261	bagni	spa
6264	tradurre	translate
6271	spaventare	deter
6277	demonio	devil
6279	commercio	business
6282	diploma	diploma
6288	sognare	dream
6319	marzo	March
6320	salotto	lounge
6326	attendere	advert
6327	serratura	lock
6339	delicato	dainty
6344	meccanico	mechanic
6355	sottile	gaunt
6361	mento	chin
6363	trovarsi	be found
6365	freccia	wisdom
6378	costante	constant
6400	svenuto	unconscious
6405	compiere	accomplish
6415	assalto	access
6419	amichevole	affable
6420	ritirata	toilet
6428	greco	Greek
6429	fiamma	flame
6440	restituire	give back
6447	fetta	bread and butter
6455	capra	she‐goat, goat
6485	fotografo	photograph
6498	macellaio	butcher
6504	tacere	be quiet
6508	candela	candle, plug
6519	vena	vein
6522	detenuto	arrested person
6552	decente	decent
6587	curato	pastor, clergyman
6592	eseguire	accomplish
6595	orrore	abhorrence
6598	apparecchio	apparatus
6604	asciugamano	towel
6620	negare	deny
6625	scortese	rude
6626	marinaio	sailor
6642	rospo	toad
6654	seguente	following
6664	sedici	sixteen
6668	disturbare	bother
6669	frontiera	boundary
6672	aquila	eagle
6678	diamante	diamond
6685	soffitto	ceiling
6689	nominare	appoint
6696	ballerina	dancer
6714	ingannare	cheat
6715	mobile	mobile
6718	desiderare	desire
6724	onorevole	respectable
6726	picchiare	hit
6727	unirsi	associate
6737	elefante	elephant
6748	conoscenze	know how
6751	pugnale	dagger
6754	trasportare	transport
6756	garanzia	guarantee
6761	dicembre	December
6786	bloccare	block
6789	valere	be worth
6798	entusiasmo	alacrity
6818	verificare	audit
6820	pollice	thumb
6821	analizzare	analyse
6836	ragno	spider
6851	disgrazia	accident
6856	timido	abashed
6867	volgare	common
6869	mancia	tip
6879	Milano	Milan
6890	invitare	invite
6912	spiritoso	lively
6917	comportarsi	behave
6925	raffreddore	cold
6927	biscotto	bicuit, biscuit
6936	pompa	pump
6950	posa	affectation
6951	efficace	effective
6962	reggiseno	bra
6972	campana	bell
6973	torcia	torch
6989	marrone	brown
7002	esistere	exist
7014	approvazione	acclaim
7021	Corea	Korea
7022	gennaio	January
7040	dipingere	paint
7046	tasso	badger
7050	poeta	poet
7064	etichetta	etiquette
7070	comunicato	advice
7074	insetto	bug
7083	comunista	communist
7084	grigio	grey
7099	liscio	smooth
7101	spirituale	spiritual
7104	compare	godfather
7107	distante	distant
7132	avvertire	caution
7134	Giuseppe	Joseph
7138	banana	banana
7157	peggiorare	decline
7186	progresso	advance
7190	caviglia	ankle
7199	conquistare	conquer
7213	gallina	chicken
7216	contadino	farmer
7218	votare	vote
7227	faro	lighthouse
7228	finanziario	financial
7235	terminato	completed
7241	produrre	afford
7244	significare	imply
7251	azzurro	blue, sky blue
7253	alloggio	abode
7268	gelosia	jealousy
7273	dirigere	administer
7286	gettare	throw
7298	reagire	react
7301	settimo	seventh
7315	gratitudine	gratitude
7331	poltrona	armchair
7342	Australia	Australia
7347	cenere	ash
7348	cristiano	Christian
7357	tredici	thirteen
7383	sfera	ball
7387	volpe	fox
7392	onnipotente	almighty
7396	esagerare	exaggerate
7401	esposizione	exhibition
7418	terremoto	earthquake
7435	sobrio	sober
7445	critica	criticism
7455	ferire	hurt
7472	suggerimento	suggestion
7477	gabinetto	toilet
7484	braccialetto	bracelet
7485	odiare	hate
7490	Svizzera	Switzerland
7492	eccetera	and so on
7516	dimensione	dimension
7518	limone	lemon
7525	raramente	seldom
7536	attentato	assault
7548	silenzioso	silent
7554	stima	esteem
7560	grandezza	size
7566	Polo	Antarctic
7568	soprannome	byname
7576	farmacia	chemist's shop
7578	permanente	abiding
7585	differente	different
7591	torace	chest
7598	accompagnare	accompany
7603	alzarsi	get up
7611	sfruttare	exploit
7615	insistere	insist
7622	baracca	barrack
7631	dessert	dessert
7635	vescovo	bishop
7642	sciopero	beam
7655	febbraio	February
7664	inganno	swindle
7675	avvicinarsi	advance
7690	prosciutto	ham
7692	oca	goose
7702	edizione	evening paper
7707	deficiente	backward
7714	protetta	protégée
7727	profitto	gain, advantage
7763	altare	altar
7775	disegnare	design
7776	pepe	pepper
7779	durare	continue
7791	residenza	abode, dwelling‐place‐residence
7818	spiacevole	bleak
7819	pulizia	cleanliness
7822	cognato	brother‐in‐law
7833	balena	whale
7835	carbone	coal
7848	ricchezza	abundance
7849	freno	brake
7861	alimentare	feed
7868	veterinario	veterinarian
7873	piattaforma	platform
7888	difetto	damage
7896	determinato	defining
7907	Rio	Amazon
7916	osare	be bold
7917	cestino	garbage can, paper‐basket
7920	ubriacone	drunk
7929	uva	grape
7935	inchiostro	ink
7950	arabo	Arabian, Arab
7961	tenebre	darkness
7979	barriera	barrier
7986	umile	humble
7988	arancia	orange
7997	scuro	bleak, dim
8001	nano	dwarf
8007	ascia	axe
8013	privo	unconscious
8015	zucca	calabash
8029	cedere	cede
8038	turco	Turk
8105	forbici	scissors
8108	critico	judge
8112	terrestre	earthen
8133	allegro	cheerful
8135	arteria	artery
8140	divertire	amuse
8146	musicista	musician
8158	secchio	bucket
8166	rispettabile	respectable
8168	sfondo	background
8174	libreria	bookshop, bookcase
8189	cosciente	aware
8197	occupare	occupy
8214	estremo	extreme
8219	romano	Roman
8227	comico	comic
8241	comprensibile	understandable
8244	agnello	lamb
8247	contabile	book‐keeper
8256	celebrare	celebrate
8261	descrivere	describe
8267	piombo	lead
8268	caricare	accuse, strech, burden
8276	completare	complete
8277	chiacchierare	chat
8298	utilizzare	avail
8304	misero	abject
8313	baia	bay
8320	talvolta	several times
8321	interruttore	switch
8323	Cap	postal code
8349	ramo	bough
8363	panna	cream
8368	menta	mint
8391	furioso	furious
8396	piovere	rain
8403	nonni	grandparents
8408	bagaglio	baggage
8425	seppellire	bury, entomb
8440	fontana	fountain
8441	gestione	administration
8452	legare	bind
8456	valvola	tube
8469	bacino	basin
8490	pisello	pea
8494	tabacco	cross‐cut Maryland
8510	farfalla	butterfly
8513	banale	commonplace
8529	battaglione	battalion
8564	investire	invest
8575	turbato	dazed
8577	collegio	colleague
8580	aggressivo	aggressive
8584	giardiniere	gardener
8587	promettere	promise
8607	fata	fairy
8610	aborto	abortion
8614	clima	climate
8616	biliardo	billiards
8642	aggressore	aggressor
8644	assicurare	affirm
8645	bussola	compass
8646	balletto	ballet
8647	definire	define
8649	asino	ass
8659	capanna	cabin
8682	cartolina	picture postcard, postcard
8711	quaranta	forty
8716	chimico	chemist
8728	ferrovia	railroad
8746	stringere	press
8748	magro	gaunt
8770	manzo	beef
8807	materasso	mattress
8821	caserma	barracks
8826	maggioranza	majority
8837	Egitto	Egypt
8850	alito	breath
8851	minestra	soup
8857	pellicola	film
8861	apprezzare	appreciate, appraise, like
8877	miserabile	abject
8889	impiego	function, use
8898	sgradevole	bleak
8905	tonno	tuna
8906	rana	frog
8911	stalla	stable
8923	timore	fright
8931	architetto	architect
8956	Pasqua	Easter
8967	definito	defining
8973	orrendo	abhorrent, agonizing
8976	abile	able, adroit
8981	pittore	painter
8997	concorrenza	competition
9015	giurare	swear
9033	automobile	car
9042	baule	trunk
9052	orlo	border
9068	Grecia	Greece
9074	cucchiaio	spoon
9076	protesta	protest
9079	annuale	annual
9087	principalmente	above all
9088	arbitro	arbiter
9092	beneficio	gain, advantage
9098	contributo	contribution
9108	staccare	pick
9119	patrigno	step‐father
9131	delegato	delegate, deputy
9138	guancia	cheek
9142	distinguere	distinguish
9144	pecora	sheep
9155	artiglieria	artillery
9182	maturo	mature
9183	balcone	balcony
9194	valutare	appraise
9223	dinamite	dynamite
9230	inventare	invent
9233	culla	cradle
9258	salsiccia	sausage
9261	matita	pencil
9266	calmare	appease
9268	postino	postman
9270	corsia	road
9282	accendino	lighter
9284	nuvola	cloud
9335	municipio	town‐hall
9348	telecomando	remote control
9359	assai	extremely, quite
9362	granata	broom
9378	Brasile	Brazil
9405	ignorante	addled
9408	povertà	poverty
9424	denunciare	accuse
9438	guardaroba	cloakroom
9442	scatenato	wanton
9489	diciotto	eighteen
9509	inseguimento	persecution
9515	quattordici	fourteen
9531	indicare	indicate
9557	pallido	pale
9559	modesto	modest
9585	chiodo	nail
9598	annunciare	advertise, communicate
9645	grido	cry
9655	informare	acquaint
9656	conservare	conserve
9667	bibita	beverage
9694	intestino	intestine
9710	nodo	knot
9728	contenere	comprise
9729	cotto	cooked
9739	possedere	own
9741	trasmettere	broadcast
9782	dopodomani	the day after tomorrow
9796	invidia	envy
9797	vizio	habit
9798	Venezia	Venetia
9800	tromba	hooter, horn, trumpet
9811	formale	formal
9821	straniera	alien
9846	apocalisse	Apocalypse
9847	gallo	cock
9865	spezzare	break
9868	muscolo	muscle
9894	aviazione	aeronautics
9898	discreto	discrete
9902	gomito	elbow
9907	masticare	chew
9919	Irlanda	Ireland
9925	bancarotta	bankrupt
9928	patata	potato
9947	Ade	Hades
9950	assente	absent
9967	pubblicare	advertise, issue, publish
9971	biondo	blond
9995	rappresentare	act for
10036	bandito	bandit
10049	escludere	exclude
10062	imbroglione	cheat
10070	muto	dumb
10078	registratore	tape‐recorder
10081	sportello	window
10098	deputato	delegate, deputy
10101	centimetro	centimetre
10107	arena	arena
10123	Mar	Adriatic, Tyrrhenian Sea
10127	salmone	salmon
10130	ambizione	ambition
10132	barbiere	barber
10133	accusare	accuse
10135	Venere	Venus, Evening Star
10153	soglia	sill
10189	ballerino	ballet dancer, dancer
10213	citazione	citation
10223	arrendersi	capitulate
10225	pittura	image, painting
10239	dubitare	doubt
10256	pronunciare	pronounce
10267	Ginevra	Geneva
10276	corvo	raven
10293	triangolo	triangle
10316	pomodoro	tomato
10349	scusarsi	apologize
10359	vestire	clothe
10360	svedese	Swede
10361	cuoca	cook
10364	sanguinare	bleed
10379	rigido	rigid
10396	Scozia	Scotland
10415	cesto	basket
10417	contabilità	accounting
10432	universale	general
10447	crepa	crack, burst
10452	accettabile	acceptable
10473	congedo	farewell
10509	polmone	lung
10516	tremare	quiver
10525	sacerdote	priest
10535	operaio	hand
10544	esausto	exhausted
10559	schiuma	foam
10560	pappagallo	parrot
10565	stagno	pond, tin
10572	SÌ	yes
10590	timone	steering‐wheel
10613	separare	divide
10626	succhiare	suck
10656	terminare	accomodate
10658	aragosta	lobster
10707	rimpianto	repentance
10719	ladra	thief
10761	scoiattolo	squirrel
10770	Bretagna	Bretagne
10785	mascella	jaw
10789	abbondanza	abundance, plenty
10798	occupazione	activity
10808	consolato	consulate
10817	abbracciare	embrace, hug
10827	rame	copper
10833	bevanda	beverage
10837	tronco	stem
10840	vela	sail
10869	regime	diet
10871	dotato	gifted
10872	accoglienza	acceptance, greeting
10876	sorgente	fountain
10900	aiutante	adjutant
10903	respirazione	respiration
10912	pescatore	fisherman
10930	funzionario	officer
10932	pino	pine
10951	scheletro	skeleton
10981	dogana	customs
10989	parrucchiere	barber
10991	ape	bee
10993	Asia	Asia, Asia Minor
11014	scintilla	spark
11023	orizzonte	horizon
11029	invano	in vain
11031	sputare	spit
11038	barella	stretcher
11111	esito	result
11118	dilettante	amateur
11146	pigro	lazy
11149	compratore	buyer, customer
11162	scorrere	flow
11202	filtro	filter
11210	foglia	leaf
11213	ventre	abdomen
11242	arcobaleno	rainbow
11254	piantare	plant
11258	sessanta	sixty
11277	delfino	dolphin
11303	balia	nurse
11304	battesimo	baptism
11316	riconoscente	thankful
11317	affittare	let
11320	governare	control
11347	miglioramento	progress
11366	asma	asthma
11370	cascata	waterfall
11411	bue	ox
11417	oggigiorno	currently
11430	aeroplano	aeroplane
11442	forzare	compel
11443	bolla	blister
11451	tuono	thunder
11453	separato	apart
11455	alveare	beehive
11460	severo	severe
11474	suocera	mother‐in‐law
11495	accelerare	accelerate
11542	figliola	daughter
11551	acceleratore	accelerator
11558	Atlantide	Atlantis
11561	coscia	thigh
11569	vergognarsi	be ashamed
11649	salario	salary
11661	spiare	spy
11669	console	consul
11688	Polonia	Poland
11702	manifestazione	demonstration
11719	scozzese	Scot
11734	punire	punish
11769	bilancio	balance sheet, budget
11770	mulo	mule
11779	approfittare	profit
11780	Svezia	Sweden
11790	angoscia	agony, fright
11808	definitivo	definite
11821	avvenire	future
11836	quotidiano	daily
11858	consapevolezza	awareness
11874	Vienna	Vienna
11911	genero	son‐in‐law
11916	vestirsi	dress
11925	forchetta	fork
11927	Gerusalemme	Jerusalem
11930	cipolla	onion
11934	cortese	affable, courteous
11951	cognata	sister‐in‐law
11982	diplomatico	diplomat
12001	diarrea	diarrhoea
12006	vitello	calf
12009	ottavo	eighth
12027	dote	dowry
12066	versare	pour
12070	labbro	lip
12095	Pakistan	Pakistan
12101	correggere	correct
12133	sudare	sweat
12164	asse	axis, shelf
12184	applausi	acclaim
12196	nomina	appointment
12215	caffé	coffee
12221	gradevole	affable, agreeable
12233	pentito	contrite
12237	barra	pole
12240	lampadina	bulb
12273	allievo	pupil
12284	fattura	account
12293	conveniente	appropriate
12319	amaro	acerbic
12321	fragola	strawberry
12328	equivoco	ambiguous
12336	olandese	Dutchman, Dutchman
12359	agitazione	agitation
12363	grazioso	affable, lovable, pretty, charming
12366	polacco	Pole
12376	vagone	carriage
12395	catalogo	catalogue
12416	poppa	poop
12436	Aurora	aurora
12472	mordere	bite
12485	umido	damp
12500	danneggiare	damage, injure
12520	vescica	bladder
12522	ammirare	admire
12559	interessare	interest
12564	cognac	brandy
12565	cresta	coping
12590	imbroglio	swindle
12603	supporre	guess
12619	penetrare	penetrate
12623	barile	barrel
12636	apparenza	appearance
12665	coccodrillo	crocodile
12692	contante	cash
12720	Reno	Rhine
12742	ricovero	asylum
12745	piegare	fold
12793	allettante	attractive
12798	fanatico	fanatical
12805	boia	hangman, torturer
12809	Iddio	God
12815	rilevare	take the place of
12835	esilio	exile
12932	tram	streetcar
12942	noce	walnut‐tree, nut
12949	consulto	consultation
12969	chiamarsi	be called
13006	fungo	fungus
13031	suocero	father‐in‐law
13067	Argentina	Argentina
13074	nervo	nerve
13085	accidente	accident
13090	citare	cite
13092	offendere	abuse
13108	percorrere	cover
13114	affermare	affirm
13136	monumento	monument
13138	brezza	breeze
13140	distribuire	distribute
13184	marmo	marble
13188	agonia	agony
13210	raccomandazione	recommendation
13211	antenna	aerial
13256	generalmente	generally
13261	elettronico	electronic
13269	porzione	part
13280	sospendere	hang
13288	Remo	handlebars
13314	costringere	compel
13355	abisso	abyss
13389	prua	bow
13399	anca	hip
13418	criticare	censure
13463	minacciare	menace
13496	piccione	dove
13503	intendere	intend
13520	mattone	brick
13531	limitare	abridge
13542	fiammifero	match
13555	asiatico	Asian
13616	sospettare	suspect
13679	condannare	condemn
13680	dominare	control
13759	assedio	siege
13760	cuoio	leather
13762	incoraggiamento	encouragement
13776	infedele	unfaithful
13779	Adamo	Adam
13796	tovagliolo	napkin
13799	avido	acquisitive
13800	ottanta	eighty
13829	Atlantico	Atlantic, Atlantic
13853	novanta	ninety
13882	ananas	pineapple
13888	coltivare	cultivate
13905	trasparente	transparant
13913	contribuire	contribute
13920	soffocare	choke
13927	gufo	owl
13964	formica	ant
13974	acuto	acute, nasty
13977	democratico	democratic
13980	cilindro	cylinder
13981	Achille	Achilles
13999	afferrare	clutch
14012	petizione	petition
14025	posare	attitudinize
14087	cacciavite	screwdriver
14117	sterile	barren, sterile
14128	carota	carrot
14146	ingrato	thankless
14154	applicazione	industry
14212	cubo	die
14220	Islam	Islam
14252	anormale	abnormal
14255	abitare	dwell
14292	sarto	tailor
14335	diabolico	diabolical
14338	fieno	hay
14353	promuovere	advance
14415	meritare	be worthy of
14419	capro	he‐goat
14437	abortire	abort
14449	annegare	drown
14466	protestare	protest
14494	insolente	impertinent
14513	Lima	file
14537	contrasto	contrast
14540	notaio	notary
14614	torturare	agonize
14620	saldare	strike a balance
14624	Maometto	Mohammed
14628	scultura	sculpture
14639	vettura	carriage, sleeping‐car
14663	bilancia	scales
14665	accogliere	accept
14684	unghia	nail
14685	menzionare	mention, touch lightly on
14724	convegno	assemblage
14757	latta	sheet metal
14785	copiare	copy
14795	minerale	mineral
14836	altitudine	height, altitude
14876	banchiere	bank clerk
14886	Sicilia	Sicily
14910	bronzo	bronze
14911	memorabile	memorable
14965	ruscello	stream
14976	misurare	measure
14990	esitare	hesitate, waver
15006	trave	beam
15050	calice	goblet
15085	africano	African
15092	insultare	abuse
15093	avena	oats
15096	costare	cost
15101	macerie	rubbish
15134	dizionario	dictionary
15139	flauto	flute
15189	aceto	vinegar
15211	europeo	European
15221	corteccia	bark, bast
15248	Olanda	Holland, the Netherlands
15254	globo	ball
15278	brillare	shine
15281	bollire	boil
15282	molle	soft
15290	Cairo	Cairo
15292	arrugginito	rusty
15294	Stoccolma	Stockholm
15302	tassa	tax
15341	Turchia	Turkey
15363	praticare	exert
15402	elemosina	alms
15422	quercia	oak
15437	cappellano	chaplain
15449	diminuire	abate, go down, drop
15451	sensato	prudent
15463	ammirazione	admiration
15479	adulterio	adultery
15497	approvare	approve
15511	commerciante	merchant, businessman
15651	appartenere	belong to
15655	dragone	dragon
15671	spuntato	dull, blunt
15698	asfalto	asphalt
15704	urto	push
15724	nube	cloud
15754	farmacista	chemist
15822	ingrediente	component
15844	fratellastro	half‐brother, step‐brother
15886	chiacchierone	chatterbox
15907	discendente	offspring
15922	idolo	idol
15938	tiranno	tyrant
15959	filosofo	philosopher
15973	misericordioso	charitable
15986	tastiera	keyboard
15987	perseguire	chase
15988	stampare	print
16068	velenoso	poisonous
16092	derubare	rob
16105	rude	brutal
16186	parallelo	parallel
16195	svizzero	Swiss
16278	cinghiale	wild boar
16284	restringere	abridge
16304	disonesto	nasty
16312	imitare	imitate
16324	cessare	cease
16361	dipendere	depend, be dependent on
16476	ardente	ablaze
16510	spazzola	brush
16560	decreto	decree, decision
16569	ingaggiare	recruit
16592	impertinente	impertinent
16593	caldaia	steam‐boiler
16604	alfabeto	ABC
16645	esterne	external
16664	Messia	Messiah
16697	tollerare	endure
16729	granaio	barn
16735	crudo	crude
16745	abituarsi	accustom oneself
16767	melone	melon
16774	diciannove	nineteen
16788	brigata	detachment
16794	abbonamento	subscription
16800	violoncello	cello
16804	celebre	famous
16821	affilato	sharp
16825	ciliegia	cherry
16833	applicare	apply
16849	respingere	reduce the price
16859	arsenale	armoury
16875	danese	Dane
16876	Austria	Austria
16890	banconota	bank‐note
16891	biasimare	condemn
16904	Corano	Koran
16928	sbrigarsi	put off
16995	oliva	olive
17005	mirare	mean
17007	lenzuolo	sheet
17024	calzoni	pants
17051	parzialmente	partially
17058	Danimarca	Denmark
17065	contagioso	catching
17094	Norvegia	Norway
17101	cittadinanza	nationality
17106	superstizione	superstition
17150	taccuino	notebook
17228	Arabia	Arabia, Saudi Arabia
17273	compositore	composer
17369	calcolare	calculate
17382	appoggiare	abet
17418	Alessandro	Alexander
17419	mostruoso	dismal
17424	Belgio	Belgium
17425	dedurre	abstract, induce
17428	australiano	Australian
17461	cortina	curtain
17503	fumatori	smokers
17521	stupirsi	marvel
17533	incanto	charm
17544	pubblicazione	proclamation, publication
17548	dialetto	dialect
17562	norvegese	Norwegian
17579	indicazione	indication
17585	considerevole	considerable
17589	relativo	relative
17604	riposarsi	repose
17629	perdersi	go astray
17631	nobiltà	nobility
17720	pestare	prepay
17730	Galles	Wales
17732	pettegolezzo	chat
17745	decisivo	decisive
17757	rapa	turnip
17770	cauto	careful
17778	lumaca	slug
17802	Vangelo	gospel
17823	ottone	brass
17851	agricoltura	agriculture
17855	portoghese	Portuguese
17869	asciutta	nurse
17882	arcivescovo	archbishop
17892	rabbioso	mad
17958	palma	palm
18011	barbaro	barbaric, barbarian
18021	seminare	sow
18039	fessura	crack, burst
18055	lepre	hare
18120	argilla	clay
18157	quà	here
18193	rozzo	rude
18252	Atene	Athens
18279	assunzione	Assumption
18302	anticipare	anticipate
18318	settanta	seventy
18344	trota	trout
18543	geografia	geography
18556	cartellone	notice
18572	cacao	cocoa
18622	progettare	plan, make a project of, sketch
18629	vipera	adder
18723	discendenza	lineage
18748	pregiudizio	prejudice
18764	scandaloso	aggravating
18786	Zurigo	Zurich
18848	pesare	weigh
18866	brusco	brutal
18879	diligenza	industry
18944	confrontare	compare
18971	imposta	tax
19000	cuocere	bake
19013	poema	poem, epic poem
19054	burrone	abyss
19085	rovesciare	overthrow
19118	opporsi	confront
19175	dorso	back
19185	rinoceronte	rhino
19232	distinto	clear
19246	scure	axe
19283	mostarda	mustard
19284	Amburgo	Hamburg
19391	Vespa	wasp
19446	tardo	late
19467	successivamente	consecutively
19620	amabile	lovable, charming
19670	giustamente	exactly, sharp
19704	mendicante	beggar
19705	ungherese	Hungarian
19722	frizione	clutch
19728	lattuga	lettuce
19769	chicco	grape
19771	indecente	aggravating
19820	soffiare	blow
19841	terrazzo	balcony
19877	ostinato	obstinate
19898	giraffa	giraffe
19916	conchiglia	shell
19933	abate	abbot
19939	gelo	freezing cold
20000	dado	die
20038	rompersi	break
20242	fondamento	element
20271	nuocere	harm
20276	Algeria	Algeria
20291	bagnare	irrigate, bathe
20309	sidro	cider
20323	Dublino	Dublin
20334	demolire	break down
20448	variabile	variable
20477	fava	bean
20524	Torino	Turin
20531	domandare	ask
20542	tendine	Achilles' tendon
20573	Cile	Chile
20595	scompartimento	compartment
20609	friggere	fry
20615	aggredire	assault
20619	Islanda	Iceland
20621	passero	sparrow
20686	spinaci	spinach
20722	bisnonno	great‐grandfather
20728	palese	evident
20802	lardo	bacon
20823	ingrandire	aggrandize
20836	agile	agile
20844	censura	censor
20848	frenare	brake
20852	consolare	comfort
20863	assalitore	aggressor
20923	parrucchiera	hairdresser
20947	crepuscolo	dusk
20966	bambù	bamboo
21056	boa	beacon
21124	monologo	monologue
21293	favorire	favor
21362	sorellastra	half‐sister, step‐sister
21420	illuminare	enlighten, light
21446	Orfeo	Orpheus
21482	Creta	chalk
21521	pera	pear
21608	batterio	bacterium
21620	fabbricare	fabricate
21622	predire	forecast
21639	riguardare	concern
21649	Alpi	Alps
21681	riconoscenza	gratitude
21727	pulce	flea
21810	belga	Belgian
21831	aroma	aroma
21833	questura	police‐station
21853	sfinito	exhausted
21906	merluzzo	cod
21956	guarnigione	garrison
22002	tempia	temple
22012	sorprendere	surprise
22026	contagio	contagion
22091	negligente	careless
22107	mite	gentle
22207	sgombro	mackerel
22232	amnistia	act of grace
22312	disporre	absorb
22371	elica	helix
22382	teiera	tea‐pot
22385	ingegno	aptitude
22424	arnese	agent
22437	convertito	convert
22447	misurato	measured
22541	Ungheria	Hungary
22578	Caino	Cain
22642	seducente	attractive
22654	convertire	convert
22662	ambra	amber
22684	Artico	Arctic
22708	demolizione	demolition
22727	avvelenare	poison
22737	fornaio	baker
22747	zanzara	mosquito
22776	congelare	freeze
22799	tagliente	sharp
22805	pentimento	repentance
22831	granturco	corn
22849	baleno	lightning
22928	ottico	optician
22935	tiglio	lime‐tree
23016	pauroso	afraid, timid
23167	attrarre	attract
23225	adottivo	adopted
23291	Libano	Lebanon
23408	agricoltore	agrarian
23504	usignolo	nightingale
23516	cloro	chlorine
23529	carnagione	complexion
23538	francobollo	stamp
23599	Risa	laughter
23698	Portogallo	Portugal
23720	denso	concentrated
23753	ereditario	hereditary
23762	Finlandia	Finland
23767	Olmo	elm
23778	tallone	heel, Achilles' heel
23797	ippopotamo	hippo
23810	impiegare	make use of, employ
23812	bambinaia	babysitter
23851	idoneo	able, of use
23852	ascensione	Ascension Day
23949	facchino	porter
23979	Antartide	Antarctic
23990	Omero	upper arm
23993	ritenere	detain
24081	locomotiva	engine
24186	sporcare	soil
24252	Mecca	Mecca
24269	bufalo	buffalo
24371	pompare	pump
24375	anemia	anaemia
24378	albanese	Albanian
24396	replicare	answer
24428	Archimede	Archimedes
24437	bruco	caterpillar
24485	stimolare	rouse
24495	foca	seal
24543	fiaba	fairy tale
24554	Lisbona	Lisbon
24591	brasiliano	Brazilian
24602	cambiarsi	alter
24604	Pasticciere	confectioner
24682	virgolette	quotation marks
24685	anguilla	eel
24692	esiliato	exile
24739	ciliegio	cherry‐tree
24742	arancio	orange‐tree
24759	riscaldare	heat
24768	conservazione	conservation
24787	Cappuccetto	Little Red Ridinghood
24803	Damasco	Damascus
24863	suoceri	parents‐in‐law
24892	babordo	port side
24970	fondere	erect
24980	Tailandia	Siam
24998	ambiguo	ambiguous
25015	parentela	affiliation
25024	fondare	base
25041	importo	amount
25043	abitante	inhabitant
25073	ammontare	amount to
25086	indole	character
25138	decorare	adorn
25215	famigerato	of ill repute
25240	sedano	celery
25262	fischiare	whistle
25328	antenato	forefather
25345	brocca	jug
25380	truffare	cheat
25519	nozione	idea, notion
25530	accorgersi	descry
25594	memorizzare	memorize
25731	gabbiano	seagull
25781	artiglio	claw
25958	origliare	bug
25979	atomo	atom
25985	rotondo	round
26002	potabile	drinkable
26026	perito	accountant
26119	imputazione	accusal
26180	formulare	formulate
26184	Birmania	Burma
26285	avaro	avaricious
26294	macelleria	butcher's shop
26315	tossire	cough
26398	trascurare	neglect
26423	argentino	Argentine
26435	sopracciglio	brow
26440	abete	fir
26468	mediante	by
26502	conservatorio	academy of music
26509	Genova	Genoa
26537	raffreddare	cool
26571	rugiada	dew
26705	vanitoso	conceited
26732	placare	appease
26775	eleggere	choose
26784	pinna	fin
26795	udire	hear
26825	indietreggiare	go back
26908	commestibile	edible
26928	Cremlino	Kremlin
26938	bibliotecario	librarian
27134	armare	arm
27141	ardore	glow, fervor
27148	consigliare	advise
27240	concordare	accede
27310	avaria	damage
27333	baionetta	bayonet
27349	gioielliere	jeweller
27355	sfrenato	wanton
27359	novella	bride
27365	andatura	speed
27396	fagiolo	haricot
27430	mandorla	almond
27435	augurio	indication
27464	coniugi	couple
27508	ostrica	oyster
27592	superstizioso	superstitious
27676	boccale	goblet
27690	contestare	challenge
27730	Cartagine	Carthage
27756	giú	below
27899	adorare	adore
27914	larghezza	width
27931	gambero	crayfish
27989	russare	snore
28030	Guinea	Guinea
28265	caffettiera	coffee‐pot
28267	infettare	infect, communicate
28283	armeno	Armenian
28315	gustare	taste
28382	allestire	prepare
28397	rinomato	famous
28476	piacevolmente	agreeably
28496	amianto	asbestos
28569	afflitto	sad, bleak
28589	Albania	Albania
28593	bisnonna	great‐grandmother
28596	congiunto	affined
28605	risplendere	shine
28781	imparentato	by marriage
28823	avversione	aversion, disgust
28851	sussurrare	whisper
28861	perseguitare	chase
28924	astratto	abstract
28949	megera	shrew
29007	disfatta	defeat
29012	flanella	flannel
29111	cavatappi	corkscrew
29114	giornaliero	daily
29185	ballata	ballad
29209	antibiotico	antibiotic
29322	colle	hill
29328	codardia	cowardice
29395	Arcadia	Arcadia
29493	nocciola	hazelnut
29499	svoltare	turn
29572	utilizzabile	of use
29672	vuotare	empty
29807	desiderabile	desirable
29840	brigante	bandit
29848	chiatta	barge, Rhine barge
29881	pioniere	pioneer
29908	indulgenza	indulgence
29956	convocare	convoke
29967	Alessandria	Alexandria
30038	perno	axis
30093	avambraccio	lower‐arm
30111	seccare	dry
30131	Tamigi	Thames
30148	calco	cast
30166	pupillo	pupil
30200	dotto	scholar
30311	Cittadella	citadel
30335	Balcani	Balkans
30439	dapprima	at first, first
30461	applaudire	acclaim
30473	scultore	sculptor
30477	inquieto	afraid
30519	azionista	shareholder
30567	irritare	tease
30599	frutteto	orchard
30646	Borgogna	Burgundy
30751	monotono	monotonous
30944	ascesso	abscess
30965	sbagliarsi	err
31069	orzo	barley
31086	catrame	tar
31091	salvia	sage
31110	amputare	amputate
31162	Etiopia	Abyssinia
31200	falce	scythe
31212	zoccolo	hoof
31322	tomo	volume
31397	sbadato	careless
31415	fagiano	pheasant
31427	epifania	Epiphany
31465	austriaco	Austrian
31469	contraddire	contradict
31571	frumento	wheat
31574	lampone	raspberry
31616	zelo	fervor
31663	autocarro	lorry
31695	calcestruzzo	concrete
31864	prezzemolo	parsley
31894	constatare	ascertain
31983	Aristotele	Aristotle
32012	nevicare	snow
32074	tuffarsi	dive
32110	bile	bile
32194	prosperare	be succesful
32217	tiepido	lukewarm
32312	ardere	burn
32322	regressione	decline
32357	aggettivo	adjectival, adjective
32362	callo	corn
32364	penisola	peninsula
32427	Beretta	beret
32429	destrezza	expertness
32538	zavorra	ballast
32572	circondare	surround
32610	ospitale	hospitable
32685	calce	lime
32867	stancare	fag out
32972	portacenere	ashtray
33058	segale	rye
33203	Croazia	Croatia
33245	ereditare	inherit
33251	Cipro	Cyprus
33274	Giordano	Jordan
33292	miope	near‐sighted
33310	frangia	frindge
33355	rondine	swallow
33619	fisarmonica	accordion
33632	cambiale	bill of exchange
33651	archivista	archivist
33660	ranocchio	frog
33774	panetteria	bakery
33812	triciclo	tricycle
33863	ubbidire	obey
33871	parapetto	balustrade
33890	avvolgere	pack
33904	merlo	blackbird
34022	mendicare	beg
34044	comperare	buy
34145	Angola	Angola
34150	arnesi	means
34152	finlandese	Finn
34240	esteriore	exterior
34292	scorza	bast
34317	raccomandare	advise
34367	rifiutarsi	refuse
34425	Bacco	Bacchus
34454	scalpello	chisel
34603	garofano	carnation
34641	affluenza	abundance, crowd
34671	ammalarsi	be taken ill
34732	grandine	hail
34765	allattare	suckle
34774	estorcere	extort
34810	egoistico	self‐interested
34864	stimare	esteem, appraise
34872	bestemmiare	blaspheme
35089	cioé	that is
35195	sorcio	mouse
35219	furibondo	furious
35257	aratro	plough
35370	pinzette	pincers
35381	amazzone	Amazon
35399	energico	energetic
35497	vigna	vine
35589	indirizzare	address
35832	bandire	exile
35836	caratteristico	characteristic
35921	gazza	magpie
35978	disprezzare	despise
35990	svilupparsi	develop
35993	alloro	laurel
36122	arrotondare	round
36139	accusatore	accuser
36247	spartire	participate
36302	uscio	door
36329	befana	Epiphany
36637	duomo	cathedral
36671	aristocratico	aristocratic, of noble birth
36685	vietare	forbid
36827	abolire	abolish
36828	altura	height
36838	fluire	flow
36883	rimorchiatore	tug
36907	lenza	line
36914	pungiglione	sting
36969	quotidianamente	daily
36983	arruolare	recruit
37242	piattino	saucer
37282	Groenlandia	Greenland
37335	fanale	rear‐lamp
37651	venerare	adore
37734	ghianda	acorn
37825	Tangeri	Tangier
37876	radioterapia	radiation
37887	algerino	Algerian
37897	conciso	concise
37941	Algeri	Algiers
37972	battezzare	baptize
38064	apostolo	apostle
38161	cavalletta	grasshopper
38166	sommario	abridgement
38176	ammuffito	mouldy
38191	pidocchio	louse
38254	pomo	Adam's apple
38348	brillo	drunk
38473	frequentemente	frequently
38649	Cecoslovacchia	Czechoslovakia
38667	coito	coition
38779	equatore	equator
38849	melo	apple‐tree
38871	amministrare	administer, administer the last sacraments
38915	figurarsi	fancy
38929	inginocchiarsi	kneel
39042	alimento	food
39045	nocivo	adverse
39170	tipografo	printer
39172	prediletto	darling
39175	bisbigliare	whisper
39294	retroguardia	rear, defence
39331	imbarcare	put off
39477	calzolaio	shoemaker
39563	assale	axis
39591	occorrente	necessary
39684	disapprovazione	censure
39703	annoiare	bore
39945	Badessa	abbess
39950	affrettarsi	go fast
39964	allodola	lark
39986	gemere	groan
40147	costoletta	cutlet
40178	sospirare	sigh
40266	Ognissanti	All Hallows
40423	derivare	derive
40450	stendardo	flag
40461	tenaglie	handle
40507	Giordania	Jordan
40750	fucilare	shoot dead
40857	decrepito	decayed
40914	apatia	apathy
41047	contravvenzione	fine, minutes
41245	basare	base
41372	predisporre	arrange
41445	stoviglie	crockery
41515	abbonato	subscriber
41542	inserzione	ad
41682	casseruola	casserole
41690	intravedere	descry
41698	ammonimento	admonition
41841	Danubio	Danube
41878	abolizione	abolition
41892	sogliola	sole
41911	Indocina	Indo‐China
41922	Giosuè	Joshua
42222	zoppicare	limp
42511	Corsica	Corsica
42516	scorgere	descry
42523	aringa	herring
42526	annaffiare	irrigate
42554	onnisciente	all‐knowing
42573	afgano	Afghan
42765	eva	Eva
42881	tinozza	jug
42939	mistura	admixture
42943	tenebroso	dark
42982	analizzatore	analyst
43095	bollo	stamp
43493	capotreno	guard
43508	raschiare	scratch
43561	ribrezzo	abhorrence
43570	iva	VAT
43637	declinare	decline
43642	polpaccio	calf
43734	capostazione	station‐master
43880	abbreviazione	abbreviation
43905	incitare	abet
44220	legatura	binding
44324	raccomandabile	recommendable
44422	arbitrario	arbitrary
44524	moltiplicare	multiply, duplicate
44544	pungere	pick
44630	cessione	abandonment
44721	Armenia	Armenia
44794	sughero	cork
45002	parafango	mudguard
45222	Sardegna	Sardinia, Sardina
45618	cavolfiore	cauliflower
45752	proclamare	issue
45775	Capricorno	Capricorn
45794	pronipote	second cousin, greatgrandson, grand‐nephew
45801	consueto	accustomed
45891	invidiare	envy
45912	lodare	commend
46342	incriminazione	accusal
46391	ubbidiente	obedient
46411	riservare	reserve
46446	albicocca	apricot
46519	pendere	droop
46537	affisso	notice
46663	ripido	abrupt
46927	salice	willow
47127	dattilografa	stenotypist
47132	Adone	Adonis
47413	curvo	bent
47425	pianterreno	ground‐floor
47588	Giunone	Juno
47658	bellino	pretty
47755	barbabietola	beet
47900	ampolla	bulb
48134	millepiedi	centipede
48325	Ande	Andes
48442	snello	agile
48590	bagnarsi	bathe
48626	innaffiare	irrigate
48665	fabbisogno	need
48724	appoggiarsi	lean
48794	bazar	bazaar
48930	assalire	assault
49379	bacca	berry, blueberry
49428	poggiare	abet
49716	gelare	freeze
49907	tingere	paint
50077	Canarie	Canary Islands
50096	cetriolino	gherkin
50148	Anversa	Antwerp
50151	ambientarsi	become accustomed
50157	Eolo	Aeolus
50440	ansietà	anxiety
50449	sbadiglio	yawn
50553	usuale	accustomed
50566	arachide	peanut
50626	barometro	barometer
50817	laggiú	over there
50920	animare	animate
50952	pettinare	comb
51174	palpebra	eyelid
51222	cap	postal code
51409	sbocco	market
51590	paesello	hamlet
51740	carciofo	artichoke
52035	Machiavelli	Machiavelli
52041	dio	God, god
52133	discendere	accrue
52203	errare	err
52233	frassino	ash
52457	Iva	VAT
52549	arciduca	archduke
52649	sordomuto	deaf and dumb
52662	baluardo	bastion
52757	ricompensare	compensate
52812	adultero	adulterous, adulterer
53037	levar	sunrise
53043	eguale	equal
53234	covare	incubate
53346	picchiarsi	be at loggerheads, fight
53496	coricarsi	go to bed
53612	dubbioso	doubtful
53671	Andalusia	Andalusia
53754	scolaro	pupil
53771	servizievole	accommodating
53868	despota	despot
53888	galoppare	gallop
53891	lesto	adroit
53942	pioppo	poplar
54042	praticabile	passable
54241	appuntato	pointed
54245	giovare	avail
54363	inezia	trifle
54599	sovente	frequently
54735	ammirabile	admirable
54766	mercanteggiare	bargain
54803	automa	automoton
55078	fiaccola	torch
55314	salasso	bleeding
55324	ecclesiastico	clergyman
55881	persiana	roller‐blind
55889	ritardatario	laggard
55957	bastione	bastion
55981	ribes	gooseberry, currant
56022	eguaglianza	draw
56299	macinare	grind
56311	zodiaco	zodiac
56503	illustrazione	image
56787	camposanto	cemetery
56849	detestare	abhor
56909	Lettonia	Latvia
56919	Ardenne	Ardennes
56985	erudito	scholar
56991	rimborsabile	redeemable
57252	spazzolare	brush
57262	arbusto	bush
57522	Canadà	Canada
57636	convenire	befit, agree
57700	Terranova	Newfoundland
57744	luccio	pike
57866	castagna	chestnut
58361	preservazione	conservation
58367	Baltico	Baltic Sea
58725	rigettare	reject
58961	cipollina	chive
59160	serrare	press, lock
59482	abaco	abacus
59505	disintegrazione	fission
60019	dentatura	teeth
60160	chiglia	keel
60884	pernice	partridge
60914	antisettico	antiseptic
60944	smussato	blunt, dull
60979	noncurante	careless
60993	betulla	birch
61002	Antartico	Antarctic, the Antarctic, Antarctic
61057	durevole	abiding
61572	dissoluto	lawless
61896	ortica	nettle
62049	Lituania	Lithuania
62217	sgretolarsi	crumble
62552	Annunzio	advice
63249	pescecane	shark
63531	infettivo	catching
63649	accumulatore	accumulator
64078	scomunica	anathema
64232	Antille	Antilles
64923	spigolo	mountain ridge
65015	sottoprodotto	waste product
65051	castagno	chestnut‐tree
65186	confetto	bonbon
65219	destinare	destine
65474	ventilare	aerate
65727	alcova	alcove
66366	proporzionale	proportional
66671	tettoia	penthouse
66886	disapprovare	condemn
67064	Castiglia	Castile
67318	impaurire	deter
67622	sbarrare	bar
67693	Assisi	Assisi
67838	assioma	axiom
67915	blusa	blouse
67932	circondario	district, neighbourhood
67943	chiocciola	snail, atpersand
69020	vongola	mussel
69080	duellare	be at loggerheads, fight
70128	autorimessa	garage
70449	tassare	tax
70466	affaticare	fag out
70747	antracite	anthracite
70957	asserzione	contention
70991	Gerico	Jericho
71705	aggiustamento	accommodation
71770	alludere	allude
71989	Cerbero	Cerberus
72165	olivo	olive‐tree
72387	succinto	concise
72815	lagnarsi	complain
72887	Livorno	Leghorn
73164	trito	hackneyed, hard‐worked
73620	imboccatura	mouth
73672	Anatolia	Anatolia
73758	guanciale	pillow
73805	supino	backward, backwards
73838	abrogare	abolish
73881	cappotta	bonnet
73930	ravanello	radish
73951	opprimere	suppress
74195	tuonare	thunder
74540	capocuoco	chef
74559	dazio	excise
74908	castigare	punish
75947	apicoltore	apiarist
76452	sbadigliare	yawn
77219	antologia	anthology
77733	esule	exile
78026	laborioso	active
78037	lapis	pencil
78147	sintonizzare	tune
78383	ripugnanza	aversion, disgust
78614	anatema	anathema
78782	pianola	keyboard
79130	rione	back street
79405	Abissinia	Abyssinia
79447	consorti	couple
79693	apoplessia	fit
80326	remo	handlebars
80931	dimorare	dwell
81527	anitra	duck
81967	delimitare	mark out
82031	lusingare	flatter
82350	bramoso	acquisitive
82735	tappezzare	paper
82744	acino	grape
82816	asserire	assert
82965	anemone	anemone
82974	sprezzo	contempt
83032	foco	focus
83669	dattero	date
83963	epopea	epic poem
84023	distillare	distil
84031	modista	milliner
84275	spronare	abet
84349	faggio	beech
84528	LÌ	that way
84535	mensilmente	monthly
84738	smercio	demand
84793	ateniese	Athenian
84876	annessione	annexation
84888	datare	date
84974	raffreddarsi	get cold
84985	mezzodì	midday
85329	dabbasso	below
85513	Lapponia	Lapland
85717	sbalordire	amaze
85988	secrezione	secretion
86013	calunniare	slander
86529	gengiva	gum
86786	giuoco	game
86959	spiga	ear
87332	deliberazione	decision
87353	francia	France
87804	Aiace	Ajax
88876	portalettere	postman
89057	squama	scale
89125	appiccicaticcio	sticky
89507	acciuga	anchovy
90437	spengere	extinguish
90554	bruno	brown
90762	disimparare	unlearn
90772	Uffizio	service
90930	Nabucodonosor	Nebuchadnezzar
90976	gelso	mulberry‐tree
91729	annegarsi	drown
92413	orinare	urinate
92746	traduzione	translation
92822	postulante	applicant
92950	abrogazione	abolition
92959	GiovedÌ	Thursday
93443	accumulazione	accumulation, assembly
94254	ciuco	ass
95403	ragguardevole	considerable
95412	annualmente	yearly
96413	suffisso	extension
97040	fecondo	fertile, fruitful
97902	ammortizzare	amortize
99014	affezione	affection
99096	accomodamento	accommodation, accord
99201	ontano	alder
100106	mangiabile	edible
100705	londra	London
100929	Renania	Rhineland
101135	LunedÌ	Monday
101138	Appennini	Apennines
101526	mezzadro	farmer
101817	cipresso	cypres
102116	smarrirsi	go astray
102213	arieggiare	aerate
102370	operoso	active
103167	indivia	endive
103319	allume	alum
103765	roma	Rome
103886	andaluso	Andalusian
104077	natale	Christmas
104690	assediare	besiege
104785	avverbio	adverb
105766	participio	participle
105840	muggire	howl
106534	Andorra	Andorra
106709	esortazione	admonition
106977	uditorio	audience
107026	iniziatore	pioneer
107100	aculeo	sting
107617	achille	Achilles
107912	irato	angry
108343	benevole	affable
108349	apicoltura	bee‐keeping
108461	angoscioso	afraid, timid
110211	deperire	decline
110519	settimanalmente	weekly
111392	belare	bleat
111694	portabile	portable
112906	affettazione	affectation
113700	VenerdÌ	Friday
113814	asparago	asparagus
114719	nuvolo	cloud
115951	diciasette	seventeen
116617	agro	acetous
116619	Alsaziano	Alsatian
117291	appiccicare	glue
117898	figliuola	daughter
118234	Assiria	Assyria
120189	Casellante	signalman
120674	insudiciare	soil
120977	maldicenza	backbiting
122154	congiungere	join
122455	abdicazione	abdication
122913	affrancatura	postage
124155	scremare	cream
126101	virtú	morality
127918	messico	Mexico
128361	spicciole	change
128653	concimare	fertilize
130848	licenzioso	lawless
131771	ungheria	Hungary
131893	multare	fine
131921	disputare	challenge
133088	Guascogna	Gascony
133520	supplicante	applicant
135665	lagrima	tear
136631	affrancare	prepay
136858	Catone	Cato
136922	pialla	plane
140501	LÀ	that way
142748	TÈ	tea
143531	inghilterra	England
144556	biasimevole	blameworthy
146027	parentado	relations, affiliation
147661	arnia	beehive
147869	dirimpetto	opposite
148414	america	America, United States of America, North America, South America
148928	Sasta	tailor
149736	rivenire	come back
150206	Venecia	Venice
152309	berlino	Berlin
153104	MercoledÌ	Wednesday
156114	forestiere	foreigner
158435	assiro	Assyrian
158526	traspirare	sweat
159705	acclamare	acclaim
159826	ciclomotore	moped
162396	africa	Africa
162748	cina	China
163539	abissino	Abyssinian
163928	badia	abbey
164283	tassabile	subject to tax
164846	benche	though
165826	bigio	grey
166933	angolano	Angolan, Angolese
167489	esiliare	exile
168786	logorare	use up
168983	arrischiare	hazard
169002	alice	anchovy
169210	ade	Hades
169305	Orcadi	Orkney Islands
169392	lenticchia	lentil
170029	sconsigliare	advise against
172465	annunziare	advertise
172616	adamo	Adam
176349	retroterra	hinterland
177356	parigi	Paris
177659	debilitare	weaken
178059	acquaforte	etching
179067	germania	Germany
181866	Iugoslavia	Yugoslavia
183073	spaventevole	deterrent
184666	giuseppe	Joseph
188148	ministero	ministry
188951	rilegare	bind
189069	amicale	friendly
189938	spagna	Spain
191705	MartedÌ	Tuesday
191858	vietnam	Vietnam
191946	pallottoliere	abacus
192760	Branchia	gill
193067	congresso	congress
193569	risa	laughter
196883	legume	vegetable
198025	giappone	Japan
203400	Alasca	Alaska
203843	mosca	Moscow, fly
205239	titubare	hesitate, waver
208062	Aquisgrana	Aix‐la‐Chapelle
211984	contribuzione	tax
212402	alcoolico	alcoholic
212950	marina	navy
213258	accoglimento	acceptance
213469	aerare	aerate
214304	Gorga	throat
214438	ammortizzamento	redemption
216074	Dalmazia	Dalmatia
217879	italia	Italy
218356	fendere	split
222042	autocrate	absolute ruler
222474	felicitare	congratulate
222517	apicultura	bee‐keeping
223661	corano	Koran
231114	concernere	about, concern
239771	fagiuolo	haricot
240725	sciangai	Shanghai
244800	cedola	coupon
245666	ogetto	article
246449	cristo	Christ
248769	birmania	Burma
251874	europa	Europa, Europe
252735	teritorio	territory
255329	archimede	Archimedes
257419	particulare	private
259812	lima	file
264113	india	India
267937	cricco	jack
272696	mar	Adriatic, Tyrrhenian Sea
276756	cecoslovacchia	Czechoslovakia
277030	Istria	Istria
277062	librario	bookseller
278894	salcio	willow
282541	pattuire	agree
282700	compitare	spell
285204	rio	Amazon
285544	zurigo	Zurich
286994	trebbiare	thresh
288060	reno	Rhine
295568	corea	Korea
297990	egitto	Egypt
302014	guinea	Guinea
303044	scozia	Scotland
303425	gerusalemme	Jerusalem
306992	granchiolino	prawn
313441	aurora	aurora
319349	maritarsi	marry
325737	svezia	Sweden
326711	barbaforte	horse‐radish
327301	alpi	Alps
328291	privado	private
336397	catedrale	cathedral
343372	Azerbaigian	Azerbaijan
345022	galles	Wales
346306	ammogliarsi	marry
347184	vienna	Vienna
358626	bibbia	Bible
359176	cairo	Cairo
362648	buongiorno	good morning, good day
367915	satana	Lucifer
372236	gavitello	beacon
387343	curvarsi	stoop, bend
388916	amburgo	Hamburg
389035	turchia	Turkey
391979	spossare	fag out
403919	vangelo	gospel
415107	arcadia	Arcadia
417590	ande	Andes
419099	subitaneo	abrupt
422822	pakistan	Pakistan
424115	danubio	Danube
425442	pierra	stone
430887	anticongelante	antifreeze
439930	artico	Arctic
454134	dapprincipio	at first
456238	secchia	bucket
459524	tamigi	Thames
463337	capoverso	paragraph
467216	ribassare	go down
467886	apprestare	finish
471308	svizzera	Switzerland
476561	esserer	accede
482102	cesare	Caesar
483554	sonare	sound
489883	nabucodonosor	Nebuchadnezzar
496402	caino	Cain
499185	vespa	wasp
502100	uffizio	service
509849	russia	Russia
512641	indirizzario	address list